"id","name"
639364,"Maciocia & Co., Inc."
622028,"Archer & Hound Advertising"
600580,"Advanced Precision Machining, LLC"
580328,"Ascent Digital LLC"
573826,"Tacocat Enterprises, LLC"
540834,"_DOWN TIME"
533815,"Transparent eCom"
511616,"Kahn Media, Inc."
389099,"REAL HR HERO - THOMPSON HR CONSULTING"
347361,"AV Venue LLC 2022"
347359,"AV Events LLC 2022"
347318,"_TRAINING"
342387,"_HOLIDAY"
342383,"_PTO"
341806,"_ADMIN"
318655,"Clay Entertainment"
315218,"Attractful LLC"
303267,"BJ ORCHID INC"
299596,"IMG, LLC."
297640,"Griffith Media"
291431,"Justice HQ LLC"
290617,"DC Associates"
290593,"San Haroldo"
290590,"Rosebay"
290589,"2158 Pacific Ave Holdings, LLC"
290587,"Word Merchant, Inc."
290584,"Attorney Share LLC"
290402,"Dap Media, Inc"
290275,"Integrated Content Agency, LLC"
290273,"Lusso Cucine"
290272,"Carella Co. Ltd."
290271,"Stelmarski Enterprises"
290270,"Zimmerman APC"
290269,"Legacy Mastery Academy"
290268,"Zafar Enterprises"
290267,"Macrovue"
290266,"Yanni Law"
290265,"Siminou Appeals"
290264,"Ocean Desert Golf"
290262,"Crescent Innovations"
290261,"A&A Holding"
290259,"Swiftsole"
290258,"West Productions"
290257,"Soccer IQ"
290254,"crane"
290252,"Slate Talent LLC"
290251,"Sol Style"
290249,"Breeze IT"
290247,"Cohome"
290246,"GEM Construction, Inc."
290245,"SeedCMS"
290244,"Carefree Newport"
290243,"Choice Builder Solutions - Online Sales"
290242,"Kovert"
290241,"The Grotto Menswear, Inc."
290240,"Orange County Children's Therapeutic Arts Center"
290239,"merit/andrew"
290238,"West Broadway Building Co."
290237,"RABI TOWING"
290236,"Simple Phone Company"
290235,"Choice Builder Solutions, LLC"
290234,"Gorilla Marketing"
290233,"Benzworks"
290232,"N Effect Productions"
290231,"SoCal Nautical"
290230,"Forever Active, Inc."
290229,"Reveille, Inc."
290228,"FORMM"
290227,"Calyx"
290226,"Advanced Precision Machining, Inc"
290225,"Metropolitan Solutions"
290224,"Pittwater"
290223,"Cutty Quad"
290222,"Exactitude"
290219,"AMPd Entertainment"
290218,"Equal Optics"
290217,"Core 3 Technologies"
279094,"Robert T Simon, APC"
279087,"Summit Strategy"
279086,"Marketing 32 Group, LLC"
278973,"FMP, Inc."
